topic|year|exam|exercise|statement
enlace_quimico|2000|Junio|Ejercicio 3 Opción A|"a) Escriba la estructura de Lewis para las moléculas NF, y CF,. b) Dibuje la geometría de
cada molécula según la teoría de Repulsión de Pares de Electrones de la Capa de Valencia.
c) Considerando las geometrías moleculares, razone acerca de la polaridad de ambas
moléculas.
Números atómicos: C = 6; N =7; F =9."
enlace_quimico|2000|Junio|Ejercicio 5 Opción B|"a) Haga un esquema del ciclo de Born-Haber para el NaCIl .
b) Calcule la energía reticular del NaCI (s), a partir de los siguientes datos:
Entalpía de sublimación del sodio = 108 kJ/mol
Entalpía de disociación del cloro = 243?2 kJ/mol
Entalpía de ionización del sodio = 4957 kJ/mol
Afinidad electrónica del cloro = —348 kJ / mol
Entalpía de formación del cloruro de sodio = —401'8 kJ / mol"
enlace_quimico|2000|Reserva 1|Ejercicio 2 Opción B|"a) Escriba las estructuras de Lewis correspondientes a las moléculas de etano (CH,CH,) y
eteno (CH, = CH,)
b) Explique qué tipo de hibridación tiene el carbono en cada compuesto."
enlace_quimico|2000|Reserva 2|Ejercicio 2 Opción B|"Los elementos A, B, C y D pertenecen al mismo periodo y tienen 1, 3, 5 y 7 electrones de
valencia, respectivamente. Indique, razonando la respuesta: a) Qué elemento tiene la energía de
ionización más alta y cuál la más baja. b) Qué fórmulas tendrán los compuestos A-D y B-D.
€) Si el compuesto formado por C y D será iónico o covalente."
enlace_quimico|2000|Reserva 3|Ejercicio 2 Opción B|"Dadas las especies químicas H,S y PH,:
a) Represéntelas mediante diagramas de Lewis
b) Prediga la geometría de las especies anteriores según la teoría de Repulsión de Pares de
Electrones de la Capa de Valencia.
ce) Indique la hibridación que presenta el átomo central en cada especie."
enlace_quimico|2000|Septiembre|Ejercicio 2 Opcion A|"La tabla que sigue corresponde a los puntos de fusión de distintos sólidos iónicos:
Compuesto NaF NaCl | NaBr | Nal
Punto de fusión (*C) 980 801 755 651
Considerando los valores anteriores: a) Indique cómo variará la energía reticular en este grupo
de compuestos. b) Razone cuál es la causa de esa variacióp."
enlace_quimico|2000|Junio|Ejercicio 3 Opción A|"a) Escriba la estructura de Lewis para las moléculas NF, y CF,. b) Dibuje la geometría de
cada molécula según la teoría de Repulsión de Pares de Electrones de la Capa de Valencia.
c) Considerando las geometrías moleculares, razone acerca de la polaridad de ambas
moléculas.
Números atómicos: C = 6; N =7; F =9."
enlace_quimico|2000|Junio|Ejercicio 5 Opción B|"a) Haga un esquema del ciclo de Born-Haber para el NaCIl .
b) Calcule la energía reticular del NaCI (s), a partir de los siguientes datos:
Entalpía de sublimación del sodio = 108 kJ/mol
Entalpía de disociación del cloro = 243?2 kJ/mol
Entalpía de ionización del sodio = 4957 kJ/mol
Afinidad electrónica del cloro = —348 kJ / mol
Entalpía de formación del cloruro de sodio = —401'8 kJ / mol"
enlace_quimico|2000|Reserva 1|Ejercicio 2 Opción B|"a) Escriba las estructuras de Lewis correspondientes a las moléculas de etano (CH,CH,) y
eteno (CH, = CH,)
b) Explique qué tipo de hibridación tiene el carbono en cada compuesto."
enlace_quimico|2000|Reserva 2|Ejercicio 2 Opción B|"Los elementos A, B, C y D pertenecen al mismo periodo y tienen 1, 3, 5 y 7 electrones de
valencia, respectivamente. Indique, razonando la respuesta: a) Qué elemento tiene la energía de
ionización más alta y cuál la más baja. b) Qué fórmulas tendrán los compuestos A-D y B-D.
€) Si el compuesto formado por C y D será iónico o covalente."
enlace_quimico|2000|Reserva 3|Ejercicio 2 Opción B|"Dadas las especies químicas H,S y PH,:
a) Represéntelas mediante diagramas de Lewis
b) Prediga la geometría de las especies anteriores según la teoría de Repulsión de Pares de
Electrones de la Capa de Valencia.
ce) Indique la hibridación que presenta el átomo central en cada especie."
enlace_quimico|2000|Septiembre|Ejercicio 2 Opcion A|"La tabla que sigue corresponde a los puntos de fusión de distintos sólidos iónicos:
Compuesto NaF NaCl | NaBr | Nal
Punto de fusión (*C) 980 801 755 651
Considerando los valores anteriores: a) Indique cómo variará la energía reticular en este grupo
de compuestos. b) Razone cuál es la causa de esa variacióp."
enlace_quimico|2001|Junio|Ejercicio 2 Opción B|"Dados los siguientes compuestos: CaF,, CO,, H,O. a) Indique el tipo de enlace predominante
en cada uno de ellos. b) Ordene los compuestos anteriores de menor a mayor punto de
ebu!lición. Justifique las respuestas. ."
enlace_quimico|2001|Reserva 1|Ejercicio 3 Opción B|"Cuatro elementos se designan arbitrariamente como A, B, C y D. Sus electronegatividades se
muestran en la tabla siguiente:
Elemento A B Cc
Electronegatividad | 370 | 28 | 25 | 21
Si se forman las moléculas AB, AC, AD y BD: a) Clasifíquelas en orden creciente por su
carácter covalente. Justifique la respuesta. b) ¿Cuál será la molécula más polar? Justifique la
respuesta."
enlace_quimico|2001|Reserva 2|Ejercicio 2 Opcion A|"Dadas las siguientes moléculas: CCI,, BF, y PCI, a) Represente sus estructuras de Lewis.
b) Prediga la geometría de cada una de ellas según la Teoría de Repulsión de Pares de
Electrones de la Capa de Valencia. c) Indique la polaridad de cada una de las moléculas."
enlace_quimico|2001|Reserva 4|Ejercicio 2 Opción B|"En función del tipo de enlace explique por qué: a) El NH, tiene un punto de ebullición más alto
que el CH, . b) El KCI tiene un punto de fusión mayor que el Cl,. c) El CH, es insoluble en
agua y el KCl es soluble."
enlace_quimico|2001|Septiembre|Ejercicio 2 Opción B|"Dadas las siguientes moléculas: SiH,, NH; y BeH,. a) Represente sus estructuras de Lewis.
b) Prediga la geometría de cada una de ellas según la Teoría de Repulsión de Pares de
Electrones de la Capa de Valencia. c) Indique la hibridación del átomo central."
enlace_quimico|2001|Junio|Ejercicio 2 Opción B|"Dados los siguientes compuestos: CaF,, CO,, H,O. a) Indique el tipo de enlace predominante
en cada uno de ellos. b) Ordene los compuestos anteriores de menor a mayor punto de
ebu!lición. Justifique las respuestas. ."
enlace_quimico|2001|Reserva 1|Ejercicio 3 Opción B|"Cuatro elementos se designan arbitrariamente como A, B, C y D. Sus electronegatividades se
muestran en la tabla siguiente:
Elemento A B Cc
Electronegatividad | 370 | 28 | 25 | 21
Si se forman las moléculas AB, AC, AD y BD: a) Clasifíquelas en orden creciente por su
carácter covalente. Justifique la respuesta. b) ¿Cuál será la molécula más polar? Justifique la
respuesta."
enlace_quimico|2001|Reserva 2|Ejercicio 2 Opcion A|"Dadas las siguientes moléculas: CCI,, BF, y PCI, a) Represente sus estructuras de Lewis.
b) Prediga la geometría de cada una de ellas según la Teoría de Repulsión de Pares de
Electrones de la Capa de Valencia. c) Indique la polaridad de cada una de las moléculas."
enlace_quimico|2001|Reserva 4|Ejercicio 2 Opción B|"En función del tipo de enlace explique por qué: a) El NH, tiene un punto de ebullición más alto
que el CH, . b) El KCI tiene un punto de fusión mayor que el Cl,. c) El CH, es insoluble en
agua y el KCl es soluble."
enlace_quimico|2001|Septiembre|Ejercicio 2 Opción B|"Dadas las siguientes moléculas: SiH,, NH; y BeH,. a) Represente sus estructuras de Lewis.
b) Prediga la geometría de cada una de ellas según la Teoría de Repulsión de Pares de
Electrones de la Capa de Valencia. c) Indique la hibridación del átomo central."
enlace_quimico|2002|Reserva 1|Ejercicio 5 Opción A|"a) Represente el ciclo de Born-Haber para el fluoruro de litio.
b) Calcule el valor de la energía reticular del fluoruro de litio sabiendo:
Entalpía de formación del [LiF(s)] = — 5941 kJ/mol
Energía de sublimación del litio = 1552 kJ/mol
Energía de disociación del F, = 150%6 kJ/mol
Energía de ionización del litio = 5200 kJ/mol
Afinidad electrónica del flúor = — 3330 kJ/mol."
enlace_quimico|2002|Reserva 1|Ejercicio 3 Opción B|"Dadas las sustancias PCI; y CH,:
a) Represente sus estructuras de Lewis.
b) Prediga la geometría de las moléculas anteriores según la teoría de Repulsión de Pares de
Electrones de la Capa de Valencia.
c) Indique la hibridación que presenta el átomo central en cada caso."
enlace_quimico|2002|Reserva 2|Ejercicio 2 Opcion A|"Explique, en función del tipo de enlace que presentan, las siguientes afirmaciones:
a) El cloruro de sodio es soluble en agua.
b) El hierro es conductor de la electricidad.
€) El metano tiene bajo punto de fusión."
enlace_quimico|2002|Reserva 3|Ejercicio 2 Opción B|"Dadas las sustancias: NH, y H,O.
a) Represente sus estructuras de Lewis.
b) Prediga la geometría de las moléculas anteriores mediante la teoría de Repulsión de Pares de
Electrones de la Capa de Valencia.
c) Indique la hibridación del átomo central en cada caso."
enlace_quimico|2002|Reserva 4|Ejercicio 3 Opción B|"a) ¿Cuál es la geometría de la molécula BCI, ?
b) ¿Es una molécula polar?
) ¿Es soluble en agua?
Justifique las respuestas."
enlace_quimico|2002|Septiembre|Ejercicio 2 Opción A|"a) ¿Por qué el H, y el I, no son solubles en agua y el HI sí lo es?
b) ¿Por qué la molécula BF, es apolar, aunque sus enlaces estén polarizados?"
enlace_quimico|2002|Reserva 1|Ejercicio 5 Opción A|"a) Represente el ciclo de Born-Haber para el fluoruro de litio.
b) Calcule el valor de la energía reticular del fluoruro de litio sabiendo:
Entalpía de formación del [LiF(s)] = — 5941 kJ/mol
Energía de sublimación del litio = 1552 kJ/mol
Energía de disociación del F, = 150%6 kJ/mol
Energía de ionización del litio = 5200 kJ/mol
Afinidad electrónica del flúor = — 3330 kJ/mol."
enlace_quimico|2002|Reserva 1|Ejercicio 3 Opción B|"Dadas las sustancias PCI; y CH,:
a) Represente sus estructuras de Lewis.
b) Prediga la geometría de las moléculas anteriores según la teoría de Repulsión de Pares de
Electrones de la Capa de Valencia.
c) Indique la hibridación que presenta el átomo central en cada caso."
enlace_quimico|2002|Reserva 2|Ejercicio 2 Opcion A|"Explique, en función del tipo de enlace que presentan, las siguientes afirmaciones:
a) El cloruro de sodio es soluble en agua.
b) El hierro es conductor de la electricidad.
€) El metano tiene bajo punto de fusión."
enlace_quimico|2002|Reserva 3|Ejercicio 2 Opción B|"Dadas las sustancias: NH, y H,O.
a) Represente sus estructuras de Lewis.
b) Prediga la geometría de las moléculas anteriores mediante la teoría de Repulsión de Pares de
Electrones de la Capa de Valencia.
c) Indique la hibridación del átomo central en cada caso."
enlace_quimico|2002|Reserva 4|Ejercicio 3 Opción B|"a) ¿Cuál es la geometría de la molécula BCI, ?
b) ¿Es una molécula polar?
) ¿Es soluble en agua?
Justifique las respuestas."
enlace_quimico|2002|Septiembre|Ejercicio 2 Opción A|"a) ¿Por qué el H, y el I, no son solubles en agua y el HI sí lo es?
b) ¿Por qué la molécula BF, es apolar, aunque sus enlaces estén polarizados?"
enlace_quimico|2003|Junio|Ejercicio 3 Opción B|"Justifique las siguientes afirmaciones:
a) A 25"" C y 1 atm, el agua es un líquido y el sulfuro de hidrógeno es un gas.
b) El etanol es soluble en agua y el etano no lo es.
c) En condiciones normales el flúor y el cloro son gases, el bromo es líquido y el yodo es sólido."
enlace_quimico|2003|Reserva 1|Ejercicio 3 Opción B|"a) Represente la estructura de Lewis de la molécula NF, .
b) Prediga la geometría de esta molécula según la teoría de Repulsión de Pares de Electrones de
la Capa de Valencia.
c) Justifique si la molécula de NF, es polar o apolar."
enlace_quimico|2003|Reserva 2|Ejercicio 2 Opcion A|"Razone la veracidad o falsedad de las siguientes afirmaciones:
a) Los metales son buenos conductores de la electricidad.
b) Todos los compuestos de carbono presentan hibridación sp”.
€) Los compuestos iónicos conducen la corriente eléctriga en estado sólido."
enlace_quimico|2003|Reserva 3|Ejercicio 2 Opción B|"Para las moléculas BCl, y NH, , indique:
a) El número de pares de electrones sin compartir de cada átomo central.
b) La hibridación del átomo central.
c) La geometría de cada molécula según la teoría de Repulsión de Pares de Electrones de la
Capa de Valencia."
enlace_quimico|2003|Reserva 4|Ejercicio 2 Opción A|"Dadas las especies químicas H,S, PH, y CCI, , indique:
a) La estructura de Lewis de cada molécula.
b) La geometría de cada molécula según la teoría de Repulsión de Pares de Electrones de la
Capa de Valencia.
e) La hibridación que presenta el átomo central de cada una de ellas."
enlace_quimico|2003|Junio|Ejercicio 3 Opción B|"Justifique las siguientes afirmaciones:
a) A 25"" C y 1 atm, el agua es un líquido y el sulfuro de hidrógeno es un gas.
b) El etanol es soluble en agua y el etano no lo es.
c) En condiciones normales el flúor y el cloro son gases, el bromo es líquido y el yodo es sólido."
enlace_quimico|2003|Reserva 1|Ejercicio 3 Opción B|"a) Represente la estructura de Lewis de la molécula NF, .
b) Prediga la geometría de esta molécula según la teoría de Repulsión de Pares de Electrones de
la Capa de Valencia.
c) Justifique si la molécula de NF, es polar o apolar."
enlace_quimico|2003|Reserva 2|Ejercicio 2 Opcion A|"Razone la veracidad o falsedad de las siguientes afirmaciones:
a) Los metales son buenos conductores de la electricidad.
b) Todos los compuestos de carbono presentan hibridación sp”.
€) Los compuestos iónicos conducen la corriente eléctriga en estado sólido."
enlace_quimico|2003|Reserva 3|Ejercicio 2 Opción B|"Para las moléculas BCl, y NH, , indique:
a) El número de pares de electrones sin compartir de cada átomo central.
b) La hibridación del átomo central.
c) La geometría de cada molécula según la teoría de Repulsión de Pares de Electrones de la
Capa de Valencia."
enlace_quimico|2003|Reserva 4|Ejercicio 2 Opción A|"Dadas las especies químicas H,S, PH, y CCI, , indique:
a) La estructura de Lewis de cada molécula.
b) La geometría de cada molécula según la teoría de Repulsión de Pares de Electrones de la
Capa de Valencia.
e) La hibridación que presenta el átomo central de cada una de ellas."
enlace_quimico|2004|Junio|Ejercicio 2 Opción B|"En los siguientes compuestos: BCl ,SiF, y BeCl, .
a) Justifique la geometría de estas moléculas mediante la teoría de Repulsión de Pares de
Electrones de la Capa de Valencia.
b) ¿Qué orbitales híbridos presenta el átomo central?."
enlace_quimico|2004|Reserva 1|Ejercicio 3 Opción B|"1s”2s”2p”? y 1s2s”2p 3s” 3pi
a) Explique la posible existencia de las moléculas: AB, B, y AB,.
b) Justifique la geometría de la molécula AB,.
c) Discuta la existencia o no de momento dipolar en AB,."
enlace_quimico|2004|Reserva 2|Ejercicio 2 Opción B|"Comente, razonadamente, la conductividad eléctrica de los siguientes sistemas:
a) Un hilo de cobre.
b) Un cristal de Cu(NO,), .
c) Una disolución de Cu(NO;), ."
enlace_quimico|2004|Reserva 3|Ejercicio 3 Opción B|"a) Represéntelas mediante estructuras de Lewis.
b) Justifique su geometría mediante la teoría de Repulsión de Pares de Electrones de la Capa
de Valencia."
enlace_quimico|2004|Reserva 4|Ejercicio 2 Opcion A|"a) Escriba el ciclo de Born-Haber para el KCI.
b) ¿póm0 explica el hecho de que los metales sean conductores de la electricidad?"
enlace_quimico|2004|Junio|Ejercicio 2 Opción B|"En los siguientes compuestos: BCl ,SiF, y BeCl, .
a) Justifique la geometría de estas moléculas mediante la teoría de Repulsión de Pares de
Electrones de la Capa de Valencia.
b) ¿Qué orbitales híbridos presenta el átomo central?."
enlace_quimico|2004|Reserva 1|Ejercicio 3 Opción B|"1s”2s”2p”? y 1s2s”2p 3s” 3pi
a) Explique la posible existencia de las moléculas: AB, B, y AB,.
b) Justifique la geometría de la molécula AB,.
c) Discuta la existencia o no de momento dipolar en AB,."
enlace_quimico|2004|Reserva 2|Ejercicio 2 Opción B|"Comente, razonadamente, la conductividad eléctrica de los siguientes sistemas:
a) Un hilo de cobre.
b) Un cristal de Cu(NO,), .
c) Una disolución de Cu(NO;), ."
enlace_quimico|2004|Reserva 3|Ejercicio 3 Opción B|"a) Represéntelas mediante estructuras de Lewis.
b) Justifique su geometría mediante la teoría de Repulsión de Pares de Electrones de la Capa
de Valencia."
enlace_quimico|2004|Reserva 4|Ejercicio 2 Opcion A|"a) Escriba el ciclo de Born-Haber para el KCI.
b) ¿póm0 explica el hecho de que los metales sean conductores de la electricidad?"
enlace_quimico|2005|Junio|Ejercicio 2 Opción B|"Dadas las especies químicas Cl, , HCI y CCI,:
a) Indique el tipo de enlace que existirá en cada una.
b) Justifique si los enlaces están polarizados.
c) Razone si dichas moléculas serán polares o apolares."
enlace_quimico|2005|Reserva 1|Ejercicio 2 Opción A|"Teniendo en cuenta la energía reticular de los compuestos iónicos, conteste razonadamente:
a) ¿Cuál de los siguientes compuestos tendrá mayor dureza: LiF o KBr?
b) ¿Cuál de los siguientes compuestos será más soluble en agua: MgO o CaS?"
enlace_quimico|2005|Reserva 3|Ejercicio 3 Opción B|"Dadas las moléculas CF, y NH;:
a) Represéntelas mediante estructuras de Lewis.
b) Justifique su geometría mediante la teoría de Repulsión de Pares de Electrones de la Capa
de Valencia.
c) Indique la hibridación del átomo central."
enlace_quimico|2005|Reserva 4|Ejercicio 2 Opción B|"Dadas las siguientes especies químicas: CH ,OH, CH ,y NH; a) Indique el tipo de enlace que
existe dentro de cada una. b) Ordénelas, justificando la respuesta, de menor a mayor punto de
fusión. c) Razone si serán solubles en agua. ."
enlace_quimico|2005|Junio|Ejercicio 2 Opción B|"Dadas las especies químicas Cl, , HCI y CCI,:
a) Indique el tipo de enlace que existirá en cada una.
b) Justifique si los enlaces están polarizados.
c) Razone si dichas moléculas serán polares o apolares."
enlace_quimico|2005|Reserva 1|Ejercicio 2 Opción A|"Teniendo en cuenta la energía reticular de los compuestos iónicos, conteste razonadamente:
a) ¿Cuál de los siguientes compuestos tendrá mayor dureza: LiF o KBr?
b) ¿Cuál de los siguientes compuestos será más soluble en agua: MgO o CaS?"
enlace_quimico|2005|Reserva 3|Ejercicio 3 Opción B|"Dadas las moléculas CF, y NH;:
a) Represéntelas mediante estructuras de Lewis.
b) Justifique su geometría mediante la teoría de Repulsión de Pares de Electrones de la Capa
de Valencia.
c) Indique la hibridación del átomo central."
enlace_quimico|2005|Reserva 4|Ejercicio 2 Opción B|"Dadas las siguientes especies químicas: CH ,OH, CH ,y NH; a) Indique el tipo de enlace que
existe dentro de cada una. b) Ordénelas, justificando la respuesta, de menor a mayor punto de
fusión. c) Razone si serán solubles en agua. ."
enlace_quimico|2006|Junio|Ejercicio 2 Opción A|"Dadas las moléculas de BCI, y H,O
a) Deduzca la geometría de cada una mediante la teoría de Repulsión de Pares de Electrones de
la Capa de Valencia.
b) Justifique la polaridad de las mismas. ."
enlace_quimico|2006|Reserva 1|Ejercicio 3 Opción B|"a) ¿Qué se entiende por energía reticular?
b) Represente el ciclo de Born-Haber para el bromuro de sodio.
C) Exprese la entalpía de formación (AHf) del bromuro de sodio en función de las siguientes
variables: la energía de ionización (I) y el calor de sublimación (S) del sodio, la energía de
disociación (D) y la afinidad electrónica (AE) del bromo y la energía reticular (U) del bromuro
de sodio."
enlace_quimico|2006|Reserva 2|Ejercicio 2 Opción A|"Para las moléculas BCl , , NH; y BeH, , indique:
a) El número de pares de electrones sin compartir de cada átomo.
b) La geometría de cada molécula utilizando la teoría de Repulsión de Pares de Electrones de la
Capa de Valencia.
e) La hibridación del átomo central."
enlace_quimico|2006|Reserva 3|Ejercicio 3 Opción B|"Supongamos que los sólidos cristalinos CsBr, NaBr y KBr cristalizan con el mismo tipo de red.
a) Ordénelos de mayor a menor según su energía reticular. Razone la respuesta.
b) Justifique cuál de ellos será menos soluble. ."
enlace_quimico|2006|Septiembre|Ejercicio 2 Opción B|"Dadas las moléculas BF, y PF,:
a) ¿Son polares los enlaces boro-flúor y fósforo-flúor?. Razone la respuesta.
b) Prediga su geometría a partir de la teoría de Repulsión de Pares de Electrones de la Capa de
Valencia.
c) ¿Son polares esas moléculas?. Justifique su respuesta."
enlace_quimico|2006|Junio|Ejercicio 2 Opción A|"Dadas las moléculas de BCI, y H,O
a) Deduzca la geometría de cada una mediante la teoría de Repulsión de Pares de Electrones de
la Capa de Valencia.
b) Justifique la polaridad de las mismas. ."
enlace_quimico|2006|Reserva 1|Ejercicio 3 Opción B|"a) ¿Qué se entiende por energía reticular?
b) Represente el ciclo de Born-Haber para el bromuro de sodio.
C) Exprese la entalpía de formación (AHf) del bromuro de sodio en función de las siguientes
variables: la energía de ionización (I) y el calor de sublimación (S) del sodio, la energía de
disociación (D) y la afinidad electrónica (AE) del bromo y la energía reticular (U) del bromuro
de sodio."
enlace_quimico|2006|Reserva 2|Ejercicio 2 Opción A|"Para las moléculas BCl , , NH; y BeH, , indique:
a) El número de pares de electrones sin compartir de cada átomo.
b) La geometría de cada molécula utilizando la teoría de Repulsión de Pares de Electrones de la
Capa de Valencia.
e) La hibridación del átomo central."
enlace_quimico|2006|Reserva 3|Ejercicio 3 Opción B|"Supongamos que los sólidos cristalinos CsBr, NaBr y KBr cristalizan con el mismo tipo de red.
a) Ordénelos de mayor a menor según su energía reticular. Razone la respuesta.
b) Justifique cuál de ellos será menos soluble. ."
enlace_quimico|2006|Septiembre|Ejercicio 2 Opción B|"Dadas las moléculas BF, y PF,:
a) ¿Son polares los enlaces boro-flúor y fósforo-flúor?. Razone la respuesta.
b) Prediga su geometría a partir de la teoría de Repulsión de Pares de Electrones de la Capa de
Valencia.
c) ¿Son polares esas moléculas?. Justifique su respuesta."
enlace_quimico|2007|Junio|Ejercicio 2 Opción B|"Para las moléculas CCl ,, NH , y BeCl,
a) Determine su geometría mediante la teoría de Repulsión de Pares de Electrones de la Capa
de Valencia.
b) ¿Qué tipo de hibridación presenta el átomo central?
€) Razone si estas moléculas son polares."
enlace_quimico|2007|Reserva 1|Ejercicio 3 Opción B|"Dadas las moléculas de BF, y H,0:
a) Determine la geometría de cada una mediante la teoría de Repulsión de Pares de Electrones
de la Capa de Valencia.
b) Razone si los enlaces son polares.
e) Justifique si las moléculas son polares."
enlace_quimico|2007|Reserva 2|Ejercicio 2 Opcion A|"Explique:
a) Por qué el cloruro de hidrógeno disuelto en agua conduce la corriente eléctrica.
b) La poca reactividad de los gases nobles.
€) La geometría molecular del tricloruro de boro."
enlace_quimico|2007|Reserva 3|Ejercicio 3 Opción B|"Dadas las siguientes moléculas: F, , CS, , C,H, , C,H, , H,O y NH, . Indique en cuál o
cuáles:
a) Todos los enlaces son simples.
b) Existe algún doble enlace.
C) Existe algún triple enlace."
enlace_quimico|2007|Septiembre|Ejercicio 2 Opcion A|"a) Represente la estructura de la molécula de agua mediante el diagrama de Lewis.
b) Deduzca la geometría de la molécula de agua mediante la teoría de Repulsión de Pares de
Electrones de la Capa de Valencia.
) ¿Por qué a temperatura ambiente el agua es líquida mientras que el sulfuro de hidrógeno, de
mayor masa molecular, es gaseoso?. ."
enlace_quimico|2007|Junio|Ejercicio 2 Opción B|"Para las moléculas CCl ,, NH , y BeCl,
a) Determine su geometría mediante la teoría de Repulsión de Pares de Electrones de la Capa
de Valencia.
b) ¿Qué tipo de hibridación presenta el átomo central?
€) Razone si estas moléculas son polares."
enlace_quimico|2007|Reserva 1|Ejercicio 3 Opción B|"Dadas las moléculas de BF, y H,0:
a) Determine la geometría de cada una mediante la teoría de Repulsión de Pares de Electrones
de la Capa de Valencia.
b) Razone si los enlaces son polares.
e) Justifique si las moléculas son polares."
enlace_quimico|2007|Reserva 2|Ejercicio 2 Opcion A|"Explique:
a) Por qué el cloruro de hidrógeno disuelto en agua conduce la corriente eléctrica.
b) La poca reactividad de los gases nobles.
€) La geometría molecular del tricloruro de boro."
enlace_quimico|2007|Reserva 3|Ejercicio 3 Opción B|"Dadas las siguientes moléculas: F, , CS, , C,H, , C,H, , H,O y NH, . Indique en cuál o
cuáles:
a) Todos los enlaces son simples.
b) Existe algún doble enlace.
C) Existe algún triple enlace."
enlace_quimico|2007|Septiembre|Ejercicio 2 Opcion A|"a) Represente la estructura de la molécula de agua mediante el diagrama de Lewis.
b) Deduzca la geometría de la molécula de agua mediante la teoría de Repulsión de Pares de
Electrones de la Capa de Valencia.
) ¿Por qué a temperatura ambiente el agua es líquida mientras que el sulfuro de hidrógeno, de
mayor masa molecular, es gaseoso?. ."
enlace_quimico|2008|Junio|Ejercicio 3 Opción B|"Indique, razonadamente, cuántos enlaces 7 y cuántos o tienen las siguientes moléculas
a) Hidrógeno.
b) Nitrógeno.
c) Oxígeno. ."
enlace_quimico|2008|Reserva 1|Ejercicio 2 Opcion A|"Deduzca, según la teoría de Repulsión de Pares de Electrones de la Capa de Valencia, la
geometría de las siguientes moléculas e indique la polaridad de las mismas:
a) Amoniaco.
b) Tricloruro de boro.
c) Metan0. ."
enlace_quimico|2008|Reserva 3|Ejercicio 2 Opción A|"Indique qué tipo de enlace hay que romper para:
a) Fundir cloruro de sodio.
b) Vaporizar agua.
c) Vaporizar n-hexano."
enlace_quimico|2008|Reserva 4|Ejercicio 3 Opción B|"Para las moléculas de tetracloruro de carbono y agua:
a) Prediga su geometría mediante la teoría de Repulsión de Pares de Electrones de la Capa de
Valencia.
b) Indique la hibridación del átomo central.
e) Justifique si esas moléculas son polares o apolares. ."
enlace_quimico|2008|Septiembre|Ejercicio 2 Opción B|"Razone si son verdaderas o falsas las siguientes afirmaciones:
a) Algunas moléculas covalentes son polares.
b) Los compuestos iónicos, cuando están fundidos o en disolución, son buenos conductores de la
electricidad.
c) El agua tiene el punto de ebullición más elevado que el resto de los hidruros de los elementos
del grupo 16."
enlace_quimico|2008|Junio|Ejercicio 3 Opción B|"Indique, razonadamente, cuántos enlaces 7 y cuántos o tienen las siguientes moléculas
a) Hidrógeno.
b) Nitrógeno.
c) Oxígeno. ."
enlace_quimico|2008|Reserva 1|Ejercicio 2 Opcion A|"Deduzca, según la teoría de Repulsión de Pares de Electrones de la Capa de Valencia, la
geometría de las siguientes moléculas e indique la polaridad de las mismas:
a) Amoniaco.
b) Tricloruro de boro.
c) Metan0. ."
enlace_quimico|2008|Reserva 3|Ejercicio 2 Opción A|"Indique qué tipo de enlace hay que romper para:
a) Fundir cloruro de sodio.
b) Vaporizar agua.
c) Vaporizar n-hexano."
enlace_quimico|2008|Reserva 4|Ejercicio 3 Opción B|"Para las moléculas de tetracloruro de carbono y agua:
a) Prediga su geometría mediante la teoría de Repulsión de Pares de Electrones de la Capa de
Valencia.
b) Indique la hibridación del átomo central.
e) Justifique si esas moléculas son polares o apolares. ."
enlace_quimico|2008|Septiembre|Ejercicio 2 Opción B|"Razone si son verdaderas o falsas las siguientes afirmaciones:
a) Algunas moléculas covalentes son polares.
b) Los compuestos iónicos, cuando están fundidos o en disolución, son buenos conductores de la
electricidad.
c) El agua tiene el punto de ebullición más elevado que el resto de los hidruros de los elementos
del grupo 16."
enlace_quimico|2009|Junio|Ejercicio 2 Opción B|"Dada la molécula CCI ,
a) Represéntela mediante estructura de Lewis.
b) ¿Por qué la molécula es apolar si los enlaces están polarizados?.
ce) ¿Por qué a temperatura ambiente el CCI , es líquido y el CI, es sólido?."
enlace_quimico|2009|Reserva 2|Ejercicio 2 Opción A|"Dadas las moléculas CF, y NH,
a) Represente sus correspondientes estructuras de Lewis.
b) Establezca su geometría mediante la teoría de Repulsión de Pares de Electrones de la Capa
de Valencia.
ce) Indique la hibridación del átomo central."
enlace_quimico|2009|Reserva 3|Ejercicio 2 Opcion A|"a) Justifique la naturaleza del enlace que se formará cuando el oxígeno se combine con calcio.
b) Justifique la naturaleza del enlace que se formará cuando el oxígeno se combine con
hidrógeno.
c) ¿Cuál de los dos compuestos formados tendrá mayor punto de fusión? Razone la respuesta."
enlace_quimico|2009|Reserva 4|Ejercicio 3 Opción B|"Para la molécula GeH,:
a) Establezca su geometría mediante la teoría de Repulsión de Pares de Electrones de la Capa
de Valencia.
b) Indique la hibridación del átomo central.
c) Ordene, de forma razonada, de menor a mayor punto de fusión los compuestos CH, y
GeH,."
enlace_quimico|2009|Septiembre|Ejercicio 3 Opción B|"Razone sobre la veracidad o falsedad de las siguientes afirmaciones:
a) La molécula de BF; es apolar aunque sus enlaces están polarizados.
b) El cloruro de sodio tiene menor punto de fusión que el cloruro de cesio.
€) El cloruro de sodio sólido no conduce la corriente eléctrica y el cobre sí."
enlace_quimico|2009|Junio|Ejercicio 2 Opción B|"Dada la molécula CCI ,
a) Represéntela mediante estructura de Lewis.
b) ¿Por qué la molécula es apolar si los enlaces están polarizados?.
ce) ¿Por qué a temperatura ambiente el CCI , es líquido y el CI, es sólido?."
enlace_quimico|2009|Reserva 2|Ejercicio 2 Opción A|"Dadas las moléculas CF, y NH,
a) Represente sus correspondientes estructuras de Lewis.
b) Establezca su geometría mediante la teoría de Repulsión de Pares de Electrones de la Capa
de Valencia.
ce) Indique la hibridación del átomo central."
enlace_quimico|2009|Reserva 3|Ejercicio 2 Opcion A|"a) Justifique la naturaleza del enlace que se formará cuando el oxígeno se combine con calcio.
b) Justifique la naturaleza del enlace que se formará cuando el oxígeno se combine con
hidrógeno.
c) ¿Cuál de los dos compuestos formados tendrá mayor punto de fusión? Razone la respuesta."
enlace_quimico|2009|Reserva 4|Ejercicio 3 Opción B|"Para la molécula GeH,:
a) Establezca su geometría mediante la teoría de Repulsión de Pares de Electrones de la Capa
de Valencia.
b) Indique la hibridación del átomo central.
c) Ordene, de forma razonada, de menor a mayor punto de fusión los compuestos CH, y
GeH,."
enlace_quimico|2009|Septiembre|Ejercicio 3 Opción B|"Razone sobre la veracidad o falsedad de las siguientes afirmaciones:
a) La molécula de BF; es apolar aunque sus enlaces están polarizados.
b) El cloruro de sodio tiene menor punto de fusión que el cloruro de cesio.
€) El cloruro de sodio sólido no conduce la corriente eléctrica y el cobre sí."
enlace_quimico|2010|Junio|Ejercicio 2 Opción A|"Supongamos que los sólidos cristalinos NaF , KF , y LiF cristalizan en el mismo tipo de red.
a) Escriba el ciclo de Born-Haber para el NaF.
b) Razone cómo varía la energía reticular de las sales mencionadas.
c) Razone cómo varían las temperaturas de fusión de las citadas sales."
enlace_quimico|2010|Reserva 1|Ejercicio 2 Opción A|"Dadas las moléculas PH, y C1,0:
a) Represente sus estructuras de Lewis.
b) Establezca sus geometrías mediante la teoría de Repulsión de Pares de Electrones de la Capa
de Valencia.
c) Indique la hibridación del átomo central."
enlace_quimico|2010|Reserva 2|Ejercicio 2 Opción B|"En función del tipo de enlace explique por qué:
a) Una disolución acuosa de Cu(NO;), conduce la electricidad.
b) El SiH , es insoluble en agua y el NaCI es soluble.
c) El punto de fusión del etano es bajo. ."
enlace_quimico|2010|Reserva 3|Ejercicio 3 Opción B|"Para la molécula CH ¿Cl :
a) Establezca su geometría mediante la teoría de Repulsión de Pares de Electrones de la Capa
de Valencia.
b) Razone si es una molécula polar.
c) Indique la hibridación del átomo central."
enlace_quimico|2010|Reserva 4|Ejercicio 3 Opción B|"Dadas las siguientes sustancias: Cu, CaO, I,, indique razonadamente:
a) Cuál conduce la electricidad en estado líquido pero es aislante en estado sólido.
b) Cuál es un sólido que sublima fácilmente.
c) Cuál es un sólido que no es frágil y se puede estirar en hilos o láminas."
enlace_quimico|2010|Junio|Ejercicio 2 Opción A|"Supongamos que los sólidos cristalinos NaF , KF , y LiF cristalizan en el mismo tipo de red.
a) Escriba el ciclo de Born-Haber para el NaF.
b) Razone cómo varía la energía reticular de las sales mencionadas.
c) Razone cómo varían las temperaturas de fusión de las citadas sales."
enlace_quimico|2010|Reserva 1|Ejercicio 2 Opción A|"Dadas las moléculas PH, y C1,0:
a) Represente sus estructuras de Lewis.
b) Establezca sus geometrías mediante la teoría de Repulsión de Pares de Electrones de la Capa
de Valencia.
c) Indique la hibridación del átomo central."
enlace_quimico|2010|Reserva 2|Ejercicio 2 Opción B|"En función del tipo de enlace explique por qué:
a) Una disolución acuosa de Cu(NO;), conduce la electricidad.
b) El SiH , es insoluble en agua y el NaCI es soluble.
c) El punto de fusión del etano es bajo. ."
enlace_quimico|2010|Reserva 3|Ejercicio 3 Opción B|"Para la molécula CH ¿Cl :
a) Establezca su geometría mediante la teoría de Repulsión de Pares de Electrones de la Capa
de Valencia.
b) Razone si es una molécula polar.
c) Indique la hibridación del átomo central."
enlace_quimico|2010|Reserva 4|Ejercicio 3 Opción B|"Dadas las siguientes sustancias: Cu, CaO, I,, indique razonadamente:
a) Cuál conduce la electricidad en estado líquido pero es aislante en estado sólido.
b) Cuál es un sólido que sublima fácilmente.
c) Cuál es un sólido que no es frágil y se puede estirar en hilos o láminas."
enlace_quimico|2011|Reserva 1|Ejercicio 2 Opción B|"Responda razonadamente a las siguientes cuestiones:
a) Por qué a 25 “C y 1 atm el agua es un líquido y el sulfuro de hidrógeno es un gas.
b) Qué compuesto será más soluble en agua, el yoduro de sodio o el yoduro de cesio.
c) Discuta la polaridad de las moléculas de NH , y de yodo molecular, respectivamente."
enlace_quimico|2011|Reserva 2|Ejercicio 2 Opción A|"Dadas las especies Cl ,, KCI, Fe y H,O:
a) Indique el tipo de enlace que presenta cada una.
b) ¿Qué tipo de interacción hay que vencer para fundirlas cuando están en estado sólido?
c) Razone qué especies conducirán la corriente eléctrica en estado sólido, cuáles lo harán en
estado fundido y cuáles no conducirán la corriente en ningún caso."
enlace_quimico|2011|Reserva 3|Ejercicio 2 Opción A|"Dadas las moléculas NH, y CCI,:
a) Represente sus estructuras de Lewis.
b) Deduzca sus geometrías mediante la teoría de Repulsión de Pares de Electrones de la Capa
de Valencia.
c) Justifique la polaridad de los enlaces N—H y C—CI y de las moléculas NH, y CCI,"
enlace_quimico|2011|Reserva 4|Ejercicio 3 Opción B|"Dadas las moléculas BeF, y CH;C1:
a) Represente sus estructuras de Lewis.
b) Establezca sus geometrías mediante la teoría de Repulsión de Pares de Electrones de la Capa
de Valencia.
e) Justifique si esas moléculas son polares. ."
enlace_quimico|2011|Septiembre|Ejercicio 3 Opción B|"Dadas las moléculas BF,, BeCl,y H,O:
a) Escriba las estructuras de Lewis de las mismas.
b) Explique su geometría mediante la teoría de Repulsión de Pares de Electrones de la Capa de
Valencia.
ce) Indique la hibridación del átomo central"
enlace_quimico|2011|Reserva 1|Ejercicio 2 Opción B|"Responda razonadamente a las siguientes cuestiones:
a) Por qué a 25 “C y 1 atm el agua es un líquido y el sulfuro de hidrógeno es un gas.
b) Qué compuesto será más soluble en agua, el yoduro de sodio o el yoduro de cesio.
c) Discuta la polaridad de las moléculas de NH , y de yodo molecular, respectivamente."
enlace_quimico|2011|Reserva 2|Ejercicio 2 Opción A|"Dadas las especies Cl ,, KCI, Fe y H,O:
a) Indique el tipo de enlace que presenta cada una.
b) ¿Qué tipo de interacción hay que vencer para fundirlas cuando están en estado sólido?
c) Razone qué especies conducirán la corriente eléctrica en estado sólido, cuáles lo harán en
estado fundido y cuáles no conducirán la corriente en ningún caso."
enlace_quimico|2011|Reserva 3|Ejercicio 2 Opción A|"Dadas las moléculas NH, y CCI,:
a) Represente sus estructuras de Lewis.
b) Deduzca sus geometrías mediante la teoría de Repulsión de Pares de Electrones de la Capa
de Valencia.
c) Justifique la polaridad de los enlaces N—H y C—CI y de las moléculas NH, y CCI,"
enlace_quimico|2011|Reserva 4|Ejercicio 3 Opción B|"Dadas las moléculas BeF, y CH;C1:
a) Represente sus estructuras de Lewis.
b) Establezca sus geometrías mediante la teoría de Repulsión de Pares de Electrones de la Capa
de Valencia.
e) Justifique si esas moléculas son polares. ."
enlace_quimico|2011|Septiembre|Ejercicio 3 Opción B|"Dadas las moléculas BF,, BeCl,y H,O:
a) Escriba las estructuras de Lewis de las mismas.
b) Explique su geometría mediante la teoría de Repulsión de Pares de Electrones de la Capa de
Valencia.
ce) Indique la hibridación del átomo central"
enlace_quimico|2012|Junio|Ejercicio 2 Opcion A|"Dados los siguientes compuestos NaF,CH, y CH,OH:
a) Indique el tipo de enlace.
b) Ordene de mayor a menor según su punto de ebullición. Razone la respuesta.
c) Justifique la solubilidad o no en agua. ."
enlace_quimico|2012|Reserva 1|Ejercicio 2 Opcion A|"Para las moléculas de tricloruro de boro, dihidruro de berilio y amoníaco, indique:
a) El número de pares de electrones sin compartir en cada átomo.
b) La geometría de cada molécula utilizando la teoría de repulsión de pares de electrones de la
capa de valencia.
e) La hibridación del átomo central. ."
enlace_quimico|2012|Reserva 3|Ejercicio 3 Opción B|"Para las moléculas: H,O, CHCI; y NH;. Indique, justificando la respuesta:
a) El número de pares de electrones sin compartir del átomo central.
b) La geometría de cada molécula según la teoría de repulsión de pares de electrones de la capa
de valencia.
ce) La polaridad de cada molécula."
enlace_quimico|2012|Reserva 4|Ejercicio 3 Opción B|"En las siguientes moléculas, H,S ; N, y CH,OH:
a) Represéntelas mediante un diagrama de Lewis.
b) Justifique razonadamente la polaridad de las moléculas.
c) Identifique las fuerzas intermoleculares que actuarán cuando se encuentran en estado
líquido."
enlace_quimico|2012|Septiembre|Ejercicio 2 Opción B|"Dadas las siguientes moléculas F, ; CS, ; C,H,; C,H, ; N, ; NH
estructura de Lewis en qué moléculas:
a) Todos los enlaces son simples.
3» Justifique mediante la
b) Existe algún enlace doble.
C) Existe algún enlace triple."
enlace_quimico|2012|Junio|Ejercicio 2 Opcion A|"Dados los siguientes compuestos NaF,CH, y CH,OH:
a) Indique el tipo de enlace.
b) Ordene de mayor a menor según su punto de ebullición. Razone la respuesta.
c) Justifique la solubilidad o no en agua. ."
enlace_quimico|2012|Reserva 1|Ejercicio 2 Opcion A|"Para las moléculas de tricloruro de boro, dihidruro de berilio y amoníaco, indique:
a) El número de pares de electrones sin compartir en cada átomo.
b) La geometría de cada molécula utilizando la teoría de repulsión de pares de electrones de la
capa de valencia.
e) La hibridación del átomo central. ."
enlace_quimico|2012|Reserva 3|Ejercicio 3 Opción B|"Para las moléculas: H,O, CHCI; y NH;. Indique, justificando la respuesta:
a) El número de pares de electrones sin compartir del átomo central.
b) La geometría de cada molécula según la teoría de repulsión de pares de electrones de la capa
de valencia.
ce) La polaridad de cada molécula."
enlace_quimico|2012|Reserva 4|Ejercicio 3 Opción B|"En las siguientes moléculas, H,S ; N, y CH,OH:
a) Represéntelas mediante un diagrama de Lewis.
b) Justifique razonadamente la polaridad de las moléculas.
c) Identifique las fuerzas intermoleculares que actuarán cuando se encuentran en estado
líquido."
enlace_quimico|2012|Septiembre|Ejercicio 2 Opción B|"Dadas las siguientes moléculas F, ; CS, ; C,H,; C,H, ; N, ; NH
estructura de Lewis en qué moléculas:
a) Todos los enlaces son simples.
3» Justifique mediante la
b) Existe algún enlace doble.
C) Existe algún enlace triple."
enlace_quimico|2013|Junio|Ejercicio 2 Opción B|"Dadas las siguientes sustancias: Cu,CaO y I,, indique razonadamente:
a) Cuál conduce la electricidad en estado líquido pero es aislante en estado sólido.
b) Cuál es un sólido que sublima fácilmente.
c) Cual es un sólido que no es frágil y se puede estirar en hilos o láminas."
enlace_quimico|2013|Reserva 1|Ejercicio 2 Opción A|"Para las moléculas BCl ; y NH;:
a) Justifique el número de pares de electrones sin compartir de cada átomo central.
b) Justifique la geometría de cada molécula según la teoría de Repulsión de Pares de Electrones
de la Capa de Valencia.
c) Indique la hibridación del átomo central."
enlace_quimico|2013|Reserva 1|Ejercicio 6 Opción B|"a) Establezca el ciclo termoquímico de Born-Haber para la formación de CaCl,(s) .
b) Calcule la afinidad electrónica del cloro.
Datos: Entalpía de formación del CaCl,(s)=-748 kJ/mol ; Energía de sublimación del calcio
= 178,2 kJ/mol; Primer potencial de ionización del calcio = 590 kJ/mol; Segundo potencial de
ionización del calcio = 1145 kJ/mol; Energía de disociación del enlace Cl-—Cl= 243 kJ/mol ;
Energía reticular del CaCl,(s) =—2258 kJ/mol ."
enlace_quimico|2013|Reserva 2|Ejercicio 3 Opción B|"En los siguientes compuestos: SiF, y BeCl,.
a) Justifique la geometría de estas moléculas mediante la teoría de Repulsión de Pares de
Electrones de la Capa de Valencia.
b) ¿Qué orbitales híbridos presenta el átomo central de cada uno de los compuestos?
€) Razone si son moléculas polares."
enlace_quimico|2013|Reserva 4|Ejercicio 3 Opción B|"Conteste razonadamente a las siguientes cuestiones:
a) ¿En la molécula de N, hay algún enlace múltiple?
b) ¿Puede una molécula triatómica ( AB ,) ser lineal?
c) ¿Por qué el punto de fusión del BaO es mayor que el del BaCl,?"
enlace_quimico|2013|Septiembre|Ejercicio 2 Opcion A|"Conteste razonadamente a las siguientes cuestiones:
a) ¿Por qué el momento dipolar del hidruro de berilio es nulo y el del sulfuro de hidrógeno no
lo es?
b) ¿Es lo mismo “enlace covalente polar” que “enlace covalente dativo o coordinado”?
€) ¿Por qué es más soluble en agua el etanol que el etano?"
enlace_quimico|2013|Junio|Ejercicio 2 Opción B|"Dadas las siguientes sustancias: Cu,CaO y I,, indique razonadamente:
a) Cuál conduce la electricidad en estado líquido pero es aislante en estado sólido.
b) Cuál es un sólido que sublima fácilmente.
c) Cual es un sólido que no es frágil y se puede estirar en hilos o láminas."
enlace_quimico|2013|Reserva 1|Ejercicio 2 Opción A|"Para las moléculas BCl ; y NH;:
a) Justifique el número de pares de electrones sin compartir de cada átomo central.
b) Justifique la geometría de cada molécula según la teoría de Repulsión de Pares de Electrones
de la Capa de Valencia.
c) Indique la hibridación del átomo central."
enlace_quimico|2013|Reserva 1|Ejercicio 6 Opción B|"a) Establezca el ciclo termoquímico de Born-Haber para la formación de CaCl,(s) .
b) Calcule la afinidad electrónica del cloro.
Datos: Entalpía de formación del CaCl,(s)=-748 kJ/mol ; Energía de sublimación del calcio
= 178,2 kJ/mol; Primer potencial de ionización del calcio = 590 kJ/mol; Segundo potencial de
ionización del calcio = 1145 kJ/mol; Energía de disociación del enlace Cl-—Cl= 243 kJ/mol ;
Energía reticular del CaCl,(s) =—2258 kJ/mol ."
enlace_quimico|2013|Reserva 2|Ejercicio 3 Opción B|"En los siguientes compuestos: SiF, y BeCl,.
a) Justifique la geometría de estas moléculas mediante la teoría de Repulsión de Pares de
Electrones de la Capa de Valencia.
b) ¿Qué orbitales híbridos presenta el átomo central de cada uno de los compuestos?
€) Razone si son moléculas polares."
enlace_quimico|2013|Reserva 4|Ejercicio 3 Opción B|"Conteste razonadamente a las siguientes cuestiones:
a) ¿En la molécula de N, hay algún enlace múltiple?
b) ¿Puede una molécula triatómica ( AB ,) ser lineal?
c) ¿Por qué el punto de fusión del BaO es mayor que el del BaCl,?"
enlace_quimico|2013|Septiembre|Ejercicio 2 Opcion A|"Conteste razonadamente a las siguientes cuestiones:
a) ¿Por qué el momento dipolar del hidruro de berilio es nulo y el del sulfuro de hidrógeno no
lo es?
b) ¿Es lo mismo “enlace covalente polar” que “enlace covalente dativo o coordinado”?
€) ¿Por qué es más soluble en agua el etanol que el etano?"
enlace_quimico|2014|Junio|Ejercicio 3 Opción B|"a) Deduzca la geometría de las moléculas BCl , y H,S aplicando la teoría de Repulsión de
Pares de Electrones de la Capa de Valencia.
b) Explique si las moléculas anteriores son polares.
ce) Indique la hibridación que posee el átomo central."
enlace_quimico|2014|Reserva 2|Ejercicio 2 Opcióon A|"Razone si los siguientes enunciados son verdaderos o falsos:
a) Los compuestos covalentes conducen la corriente eléctrica.
b) Todos los compuestos covalentes tienen puntos de fusión elevados.
c) Todos los compuestos iónicos, disueltos en agua, son buenos conductores de la electricidad."
enlace_quimico|2014|Reserva 3|Ejercicio 2 Opcióon A|"Explique razonadamente si las siguientes afirmaciones son verdaderas o falsas:
a) El agua pura no conduce la electricidad.
b) El NaCl en estado sólido conduce la electricidad.
c) La disolución formada por NaCI en agua conduce la electricidad."
enlace_quimico|2014|Reserva 4|Ejercicio 3 Opción B|"Para las siguientes moléculas: NH ; y BeH,.
a) Escriba sus estructuras de Lewis.
b) Justifique la polaridad de las mismas.
€) Razone si alguna de las moléculas anteriores puede formar enlaces de hidrógeno."
enlace_quimico|2014|Septiembre|Ejercicio 2 Opción B|"Razone si las siguientes afirmaciones son verdaderas o falsas:
a) El etano tiene un punto de ebullición más alto que el etanol.
b) El tetracloruro de carbono es una molécula apolar.
€) El MgO es más soluble en agua que el BaO. ."
enlace_quimico|2014|Junio|Ejercicio 3 Opción B|"a) Deduzca la geometría de las moléculas BCl , y H,S aplicando la teoría de Repulsión de
Pares de Electrones de la Capa de Valencia.
b) Explique si las moléculas anteriores son polares.
ce) Indique la hibridación que posee el átomo central."
enlace_quimico|2014|Reserva 2|Ejercicio 2 Opcióon A|"Razone si los siguientes enunciados son verdaderos o falsos:
a) Los compuestos covalentes conducen la corriente eléctrica.
b) Todos los compuestos covalentes tienen puntos de fusión elevados.
c) Todos los compuestos iónicos, disueltos en agua, son buenos conductores de la electricidad."
enlace_quimico|2014|Reserva 3|Ejercicio 2 Opcióon A|"Explique razonadamente si las siguientes afirmaciones son verdaderas o falsas:
a) El agua pura no conduce la electricidad.
b) El NaCl en estado sólido conduce la electricidad.
c) La disolución formada por NaCI en agua conduce la electricidad."
enlace_quimico|2014|Reserva 4|Ejercicio 3 Opción B|"Para las siguientes moléculas: NH ; y BeH,.
a) Escriba sus estructuras de Lewis.
b) Justifique la polaridad de las mismas.
€) Razone si alguna de las moléculas anteriores puede formar enlaces de hidrógeno."
enlace_quimico|2014|Septiembre|Ejercicio 2 Opción B|"Razone si las siguientes afirmaciones son verdaderas o falsas:
a) El etano tiene un punto de ebullición más alto que el etanol.
b) El tetracloruro de carbono es una molécula apolar.
€) El MgO es más soluble en agua que el BaO. ."
enlace_quimico|2015|Junio|Ejercicio 2 Opción A|"a) Razone si una molécula de fórmula AB, debe ser siempre lineal.
b) Justifique quién debe tener un punto de fusión mayor, el CsI o el CaO.
c) Ponga un ejemplo de una molécula con un átomo de nitrógeno con hibridación sp? y
justifíquelo. ."
enlace_quimico|2015|Reserva 1|Ejercicio 2 Opción A|"Para las siguientes moléculas: NF, y SiF,
a) Escriba las estructuras de Lewis.
b) Prediga la geometría molecular mediante la aplicación del método de la teoría de Repulsión
de Pares de Electrones de la Capa de Valencia.
e) Justifique la polaridad de las moléculas."
enlace_quimico|2015|Reserva 2|Ejercicio 2 Opción B|"Dadas las sustancias: N ,, KF, H,S, PH,, C,H, y Na,0, indique razonadamente cuáles
presentan:
a) Enlaces covalentes con momento dipolar resultante distinto de cero.
b) Enlaces iónicos.
c) Enlaces múltiples."
enlace_quimico|2015|Reserva 4|Ejercicio 3 Opción B|"En función del tipo de enlace explique por qué:
a) El NH ; tiene un punto de ebullición más alto que el CH ,.
b) El KCI tiene un punto de fusión mayor que el Cl,.
c) El CH , es poco soluble en agua y el KCI es muy soluble."
enlace_quimico|2015|Septiembre|Ejercicio 3 Opción B|"Indica, razonadamente, si cada una de las siguientes proposiciones es verdadera o falsa:
a) Según el método RPECV, la molécula de amoniaco se ajusta a una geometría tetraédrica.
b) En las moléculas SiH , y H,S, en los dos casos el átomo central presenta hibridación sp”.
c) La geometría de la molécula BCI ; es plana triangular."
enlace_quimico|2015|Junio|Ejercicio 2 Opción A|"a) Razone si una molécula de fórmula AB, debe ser siempre lineal.
b) Justifique quién debe tener un punto de fusión mayor, el CsI o el CaO.
c) Ponga un ejemplo de una molécula con un átomo de nitrógeno con hibridación sp? y
justifíquelo. ."
enlace_quimico|2015|Reserva 1|Ejercicio 2 Opción A|"Para las siguientes moléculas: NF, y SiF,
a) Escriba las estructuras de Lewis.
b) Prediga la geometría molecular mediante la aplicación del método de la teoría de Repulsión
de Pares de Electrones de la Capa de Valencia.
e) Justifique la polaridad de las moléculas."
enlace_quimico|2015|Reserva 2|Ejercicio 2 Opción B|"Dadas las sustancias: N ,, KF, H,S, PH,, C,H, y Na,0, indique razonadamente cuáles
presentan:
a) Enlaces covalentes con momento dipolar resultante distinto de cero.
b) Enlaces iónicos.
c) Enlaces múltiples."
enlace_quimico|2015|Reserva 4|Ejercicio 3 Opción B|"En función del tipo de enlace explique por qué:
a) El NH ; tiene un punto de ebullición más alto que el CH ,.
b) El KCI tiene un punto de fusión mayor que el Cl,.
c) El CH , es poco soluble en agua y el KCI es muy soluble."
enlace_quimico|2015|Septiembre|Ejercicio 3 Opción B|"Indica, razonadamente, si cada una de las siguientes proposiciones es verdadera o falsa:
a) Según el método RPECV, la molécula de amoniaco se ajusta a una geometría tetraédrica.
b) En las moléculas SiH , y H,S, en los dos casos el átomo central presenta hibridación sp”.
c) La geometría de la molécula BCI ; es plana triangular."
enlace_quimico|2016|Junio|Ejercicio 2 Opción A|"Para las especies HBr, NaBr y Br,, determine razonadamente:
a) El tipo de enlace que predominará en ellas.
b) Cuál de ellas tendrá mayor punto de fusión.
c) Cuál es la especie menos soluble en agua."
enlace_quimico|2016|Reserva 1|Ejercicio 3 Opción B|"Explique, razonadamente, qué tipo de fuerzas hay que vencer para:
a) Fundir hielo.
b) Disolver NaCIl.
c) Sublimar I,."
enlace_quimico|2016|Reserva 2|Ejercicio 2 Opción A|"a) ¿Por qué, a 1 atm de presión y a 25*C, el H,O es un líquido y el H ,S es un gas?
b) ¿Qué compuesto será más soluble en agua, CaO o CsI?
c) ¿Son polares las moléculas de H ,O y de 1,?"
enlace_quimico|2016|Septiembre|Ejercicio 3 Opción B|"Dadas las moléculas BF, y PF,:
a) Represente sus estructuras de Lewis.
b) Prediga razonadamente la geometría de cada una de ellas según TRPECV.
c) Determine, razonadamente, si estas moléculas son polares."
enlace_quimico|2016|Junio|Ejercicio 2 Opción A|"Para las especies HBr, NaBr y Br,, determine razonadamente:
a) El tipo de enlace que predominará en ellas.
b) Cuál de ellas tendrá mayor punto de fusión.
c) Cuál es la especie menos soluble en agua."
enlace_quimico|2016|Reserva 1|Ejercicio 3 Opción B|"Explique, razonadamente, qué tipo de fuerzas hay que vencer para:
a) Fundir hielo.
b) Disolver NaCIl.
c) Sublimar I,."
enlace_quimico|2016|Reserva 2|Ejercicio 2 Opción A|"a) ¿Por qué, a 1 atm de presión y a 25*C, el H,O es un líquido y el H ,S es un gas?
b) ¿Qué compuesto será más soluble en agua, CaO o CsI?
c) ¿Son polares las moléculas de H ,O y de 1,?"
enlace_quimico|2016|Septiembre|Ejercicio 3 Opción B|"Dadas las moléculas BF, y PF,:
a) Represente sus estructuras de Lewis.
b) Prediga razonadamente la geometría de cada una de ellas según TRPECV.
c) Determine, razonadamente, si estas moléculas son polares."
enlace_quimico|2017|Junio|Ejercicio 3 Opción B|"a) Represente las estructuras de Lewis de las moléculas de H ,O y de NF;.
b) Justifique la geometría de estas moléculas según la teoría de Repulsión de Pares de
Electrones de la Capa de Valencia.
c) Explique cuál de ellas presenta mayor punto de ebullición."
enlace_quimico|2017|Reserva 1|Ejercicio 2 Opción B|"Dadas las siguientes especies químicas NCI, y BCl;:
a) Explique por qué el tricloruro de nitrógeno presenta carácter polar y, sin embargo, el
tricloruro de boro es apolar.
b) ¿Cuál de las dos sustancias será soluble en agua? Justifique su respuesta.
c) Indique la hibridación del átomo central en cada una de las especies."
enlace_quimico|2017|Reserva 2|Ejercicio 2 Opción B|"Justifique la veracidad o falsedad de las siguientes afirmaciones:
a) El CsCI es un sólido cristalino conductor de la electricidad.
b) El H,S tiene un punto de ebullición más bajo que el H,O.
€) El cloruro de sodio es soluble en agua."
enlace_quimico|2017|Reserva 3|Ejercicio 2 Opción A|"a) Explique, en función de las interacciones moleculares, por qué el NH ; tiene un punto de
ebullición más alto que el CH ,.
b) Explique, en función de las interacciones moleculares, por qué el CH, tiene un punto de
ebullición más bajo que el C ,H ¿.
c) Indique cuántos enlaces 7 y cuántos o tienen las moléculas de nitrógeno y oxígeno."
enlace_quimico|2017|Reserva 4|Ejercicio 3 Opcion A|"De entre las sustancias siguientes: Cu, NaF y HF, elija, justificadamente, la más representativa
en los aspectos que se indican a continuación:
a) Sustancia no metálica de punto de fusión muy elevado.
b) Sustancia con conductividad térmica y eléctrica en estado natural.
€) Sustancia que presenta puentes de hidrógeno. ."
enlace_quimico|2017|Septiembre|Ejercicio 3 Opción B|"En función del tipo de enlace conteste, razonando la respuesta:
a) ¿Tiene CH ¿OH un punto de ebullición más alto que el CH ,?.
b) ¿Tiene el KCI un punto de fusión mayor que el Cl ,?.
c) ¿Cuál de estas sustancias es soluble en agua CCI , o KCI?."
enlace_quimico|2017|Junio|Ejercicio 3 Opción B|"a) Represente las estructuras de Lewis de las moléculas de H ,O y de NF;.
b) Justifique la geometría de estas moléculas según la teoría de Repulsión de Pares de
Electrones de la Capa de Valencia.
c) Explique cuál de ellas presenta mayor punto de ebullición."
enlace_quimico|2017|Reserva 1|Ejercicio 2 Opción B|"Dadas las siguientes especies químicas NCI, y BCl;:
a) Explique por qué el tricloruro de nitrógeno presenta carácter polar y, sin embargo, el
tricloruro de boro es apolar.
b) ¿Cuál de las dos sustancias será soluble en agua? Justifique su respuesta.
c) Indique la hibridación del átomo central en cada una de las especies."
enlace_quimico|2017|Reserva 2|Ejercicio 2 Opción B|"Justifique la veracidad o falsedad de las siguientes afirmaciones:
a) El CsCI es un sólido cristalino conductor de la electricidad.
b) El H,S tiene un punto de ebullición más bajo que el H,O.
€) El cloruro de sodio es soluble en agua."
enlace_quimico|2017|Reserva 3|Ejercicio 2 Opción A|"a) Explique, en función de las interacciones moleculares, por qué el NH ; tiene un punto de
ebullición más alto que el CH ,.
b) Explique, en función de las interacciones moleculares, por qué el CH, tiene un punto de
ebullición más bajo que el C ,H ¿.
c) Indique cuántos enlaces 7 y cuántos o tienen las moléculas de nitrógeno y oxígeno."
enlace_quimico|2017|Reserva 4|Ejercicio 3 Opcion A|"De entre las sustancias siguientes: Cu, NaF y HF, elija, justificadamente, la más representativa
en los aspectos que se indican a continuación:
a) Sustancia no metálica de punto de fusión muy elevado.
b) Sustancia con conductividad térmica y eléctrica en estado natural.
€) Sustancia que presenta puentes de hidrógeno. ."
enlace_quimico|2017|Septiembre|Ejercicio 3 Opción B|"En función del tipo de enlace conteste, razonando la respuesta:
a) ¿Tiene CH ¿OH un punto de ebullición más alto que el CH ,?.
b) ¿Tiene el KCI un punto de fusión mayor que el Cl ,?.
c) ¿Cuál de estas sustancias es soluble en agua CCI , o KCI?."
enlace_quimico|2018|Junio|Ejercicio 3 Opción B|"Las configuraciones electrónicas de dos átomos A y B son 1s” 2s?2p* y 1s” 2s”2p5,
respectivamente. Explique razonadamente:
a) El tipo de enlace que se establece entre ambos elementos para obtener el compuesto AB ,.
b) La geometría según la TRPECV del compuesto AB ;.
ce) La polaridad del compuesto AB ; y su solubilidad en agua."
enlace_quimico|2018|Reserva 1|Ejercicio 2 Opción B|"a) Dibuje la molécula de eteno (CH, =CH),), indicando la hibridación de los átomos de
carbono y todos los enlaces e y 7 presentes.
b) Realice el diagrama de Lewis de la molécula CH ;Cl .
c) Justifique la polaridad de la molécula PH;, basándose en la aplicación de la TRPECV"
enlace_quimico|2018|Reserva 2|Ejercicio 3 Opción B|"Dados los siguientes compuestos: LiCl, CH ,, H,O y HF, indique razonadamente:
a) El tipo de enlace que presentan.
b) Cuáles de las moléculas covalentes son polares.
c) Cuáles de las moléculas covalentes pueden presentar puntos de fusión y ebullición mayores
de lo esperado."
enlace_quimico|2018|Reserva 3|Ejercicio 2 Opción B|"De entre las siguientes sustancias NaBr, CCI , y Cu, responda razonadamente a las siguientes
cuestiones:
a) ¿Cuáles conducen la electricidad en disolución o en estado sólido?
b) ¿Cuál será la de menor punto de ebullición?
c) ¿Cuáles serán insolubles en agua?"
enlace_quimico|2018|Reserva 4|Ejercicio 2 Opción A|"Para la molécula CH ,Cl, indique razonadamente:
a) Su geometría aplicando la teoría de RPECV.
b) El carácter polar o no polar de dicha molécula.
e) La hibridación del átomo central."
enlace_quimico|2018|Septiembre|Ejercicio 3 Opción A|"Explique, en función del tipo de enlace, las siguientes afirmaciones:
a) El cloruro de sodio tiene un punto de fusión de 800*%C, en cambio, el Cl, es un gas a
temperatura ambiente.
b) El diamante no conduce la corriente eléctrica mientras que el níquel sí lo hace.
€) La temperatura de fusión del agua es menor que la del cobre."
enlace_quimico|2018|Junio|Ejercicio 3 Opción B|"Las configuraciones electrónicas de dos átomos A y B son 1s” 2s?2p* y 1s” 2s”2p5,
respectivamente. Explique razonadamente:
a) El tipo de enlace que se establece entre ambos elementos para obtener el compuesto AB ,.
b) La geometría según la TRPECV del compuesto AB ;.
ce) La polaridad del compuesto AB ; y su solubilidad en agua."
enlace_quimico|2018|Reserva 1|Ejercicio 2 Opción B|"a) Dibuje la molécula de eteno (CH, =CH),), indicando la hibridación de los átomos de
carbono y todos los enlaces e y 7 presentes.
b) Realice el diagrama de Lewis de la molécula CH ;Cl .
c) Justifique la polaridad de la molécula PH;, basándose en la aplicación de la TRPECV"
enlace_quimico|2018|Reserva 2|Ejercicio 3 Opción B|"Dados los siguientes compuestos: LiCl, CH ,, H,O y HF, indique razonadamente:
a) El tipo de enlace que presentan.
b) Cuáles de las moléculas covalentes son polares.
c) Cuáles de las moléculas covalentes pueden presentar puntos de fusión y ebullición mayores
de lo esperado."
enlace_quimico|2018|Reserva 3|Ejercicio 2 Opción B|"De entre las siguientes sustancias NaBr, CCI , y Cu, responda razonadamente a las siguientes
cuestiones:
a) ¿Cuáles conducen la electricidad en disolución o en estado sólido?
b) ¿Cuál será la de menor punto de ebullición?
c) ¿Cuáles serán insolubles en agua?"
enlace_quimico|2018|Reserva 4|Ejercicio 2 Opción A|"Para la molécula CH ,Cl, indique razonadamente:
a) Su geometría aplicando la teoría de RPECV.
b) El carácter polar o no polar de dicha molécula.
e) La hibridación del átomo central."
enlace_quimico|2018|Septiembre|Ejercicio 3 Opción A|"Explique, en función del tipo de enlace, las siguientes afirmaciones:
a) El cloruro de sodio tiene un punto de fusión de 800*%C, en cambio, el Cl, es un gas a
temperatura ambiente.
b) El diamante no conduce la corriente eléctrica mientras que el níquel sí lo hace.
€) La temperatura de fusión del agua es menor que la del cobre."
enlace_quimico|2019|Junio|Ejercicio 2 Opción B|"Considere los átomos X e Y, cuyas configuraciones electrónicas de la capa de valencia en estado
fundamental son: 4s' y 3s” 3p*, respectivamente.
a) Si estos dos elementos se combinaran entre sí, justifique el tipo de enlace que se formaría.
b) Escriba la fórmula del compuesto formado.
c) Indique dos propiedades previsibles para este compuesto."
enlace_quimico|2019|Reserva 1|Ejercicio 3 Opción B|"Explique, razonadamente, cuáles de las siguientes afirmaciones respecto al trifluoruro de boro
(BF;) son ciertas:
a) El boro presenta una hibridación sp” en dicho compuesto.
b) Es una molécula polar ya que tiene enlaces polares.
c) Cpnduce la corriente eléctrica cuando se encuentra en estado líquido."
enlace_quimico|2019|Reserva 2|Ejercicio 3 Opción A|"Dadas las siguientes moléculas: C,H,, C,H,, CH, y CH,OH.
a) Escriba sus estructuras de Lewis.
b) Indique la hibridación del átomo de carbono en estas moléculas.
e) Justifique cuál de estas moléculas presenta un mayor punto de ebullición."
enlace_quimico|2019|Reserva 3|Ejercicio 2 Opción A|"Indique, justificadamente, si las siguientes proposiciones son verdaderas o falsas:
a) El CO, es menos soluble en agua que el CaO.
b) El PCI; presenta geometría tetraédrica según la TRPECV.
) El punto de ebullición de HF es mayor que el de NaF."
enlace_quimico|2019|Reserva 4|Ejercicio 3 Opción B|"Considere las moléculas NF, y CH,OH:
a) Escriba sus estructuras de Lewis.
b) Justifique sus geometrías según la TRPECV.
€) Razone si son o no polares. ."
enlace_quimico|2019|Septiembre|Ejercicio 2 Opción B|"Dadas las sustancias: KBr, HF, CH , y K, indique razonadamente:
a) Una que no sea conductora en estado sólido pero sí fundida.
b) Una que forme enlaces de hidrógeno.
c€) La de menor punto de ebullición."
enlace_quimico|2019|Junio|Ejercicio 2 Opción B|"Considere los átomos X e Y, cuyas configuraciones electrónicas de la capa de valencia en estado
fundamental son: 4s' y 3s” 3p*, respectivamente.
a) Si estos dos elementos se combinaran entre sí, justifique el tipo de enlace que se formaría.
b) Escriba la fórmula del compuesto formado.
c) Indique dos propiedades previsibles para este compuesto."
enlace_quimico|2019|Reserva 1|Ejercicio 3 Opción B|"Explique, razonadamente, cuáles de las siguientes afirmaciones respecto al trifluoruro de boro
(BF;) son ciertas:
a) El boro presenta una hibridación sp” en dicho compuesto.
b) Es una molécula polar ya que tiene enlaces polares.
c) Cpnduce la corriente eléctrica cuando se encuentra en estado líquido."
enlace_quimico|2019|Reserva 2|Ejercicio 3 Opción A|"Dadas las siguientes moléculas: C,H,, C,H,, CH, y CH,OH.
a) Escriba sus estructuras de Lewis.
b) Indique la hibridación del átomo de carbono en estas moléculas.
e) Justifique cuál de estas moléculas presenta un mayor punto de ebullición."
enlace_quimico|2019|Reserva 3|Ejercicio 2 Opción A|"Indique, justificadamente, si las siguientes proposiciones son verdaderas o falsas:
a) El CO, es menos soluble en agua que el CaO.
b) El PCI; presenta geometría tetraédrica según la TRPECV.
) El punto de ebullición de HF es mayor que el de NaF."
enlace_quimico|2019|Reserva 4|Ejercicio 3 Opción B|"Considere las moléculas NF, y CH,OH:
a) Escriba sus estructuras de Lewis.
b) Justifique sus geometrías según la TRPECV.
€) Razone si son o no polares. ."
enlace_quimico|2019|Septiembre|Ejercicio 2 Opción B|"Dadas las sustancias: KBr, HF, CH , y K, indique razonadamente:
a) Una que no sea conductora en estado sólido pero sí fundida.
b) Una que forme enlaces de hidrógeno.
c€) La de menor punto de ebullición."
enlace_quimico|2020|Junio|B3|"Para las moléculas NH , y BeCl,
a) Determine razonadamente su geometría molecular mediante TRPEV.
b) Indique la hibridación que presenta el átomo central.
C) Razone si esas moléculas son polares."
enlace_quimico|2020|Reserva 1|Ejercicio B3|"Dadas las sustancias: Al, SO, y KCI, indique razonadamente la sustancia que presenta:
a) Mayor solubilidad en agua.
b) Menor punto de fusión.
€) Mayor conductividad térmica."
enlace_quimico|2020|Reserva 2|Ejercicio B3|"En referencia al tetrafluoruro de carbono, CF,:
a) Indique el tipo de hibridación que presenta el átomo de carbono.
b) Justifique la polaridad de los enlaces y de la molécula.
e) Razone si es soluble en agua."
enlace_quimico|2020|Reserva 3|Ejercicio B3|"Seleccione razonadamente entre las siguientes sustancias: Na, CH ,, KCI, y H,O.
a) Una sustancia que presenta interacciones de tipo Van der Waals y que es gaseosa a
temperatura ambiente.
b) Una sustancia de alta conductividad eléctrica en estado sólido.
c) Una sustancia no conductora que se transforma en conductora al fundir."
enlace_quimico|2020|Reserva 4|Ejercicio B3|"Dadas las especies químicas H ,O y PCI;.
a) Dibuje la estructura de Lewis de cada molécula y prediga su geometría.
b) Justifique la polaridad de las moléculas según TRPECV
c) Explique cuál tendrá mayor punto de fusión."
enlace_quimico|2020|Septiembre|B3|"Indique justificadamente si las siguientes proposiciones son verdaderas o falsas:
a) El HI tiene menor punto de ebullición que el HF
b) El PCI; presenta geometría plana triangular según TRPEV.
€) El NaCI presenta un punto de fusión menor que el NaBr."
enlace_quimico|2020|Junio|B3|"Para las moléculas NH , y BeCl,
a) Determine razonadamente su geometría molecular mediante TRPEV.
b) Indique la hibridación que presenta el átomo central.
C) Razone si esas moléculas son polares."
enlace_quimico|2020|Reserva 1|Ejercicio B3|"Dadas las sustancias: Al, SO, y KCI, indique razonadamente la sustancia que presenta:
a) Mayor solubilidad en agua.
b) Menor punto de fusión.
€) Mayor conductividad térmica."
enlace_quimico|2020|Reserva 2|Ejercicio B3|"En referencia al tetrafluoruro de carbono, CF,:
a) Indique el tipo de hibridación que presenta el átomo de carbono.
b) Justifique la polaridad de los enlaces y de la molécula.
e) Razone si es soluble en agua."
enlace_quimico|2020|Reserva 3|Ejercicio B3|"Seleccione razonadamente entre las siguientes sustancias: Na, CH ,, KCI, y H,O.
a) Una sustancia que presenta interacciones de tipo Van der Waals y que es gaseosa a
temperatura ambiente.
b) Una sustancia de alta conductividad eléctrica en estado sólido.
c) Una sustancia no conductora que se transforma en conductora al fundir."
enlace_quimico|2020|Reserva 4|Ejercicio B3|"Dadas las especies químicas H ,O y PCI;.
a) Dibuje la estructura de Lewis de cada molécula y prediga su geometría.
b) Justifique la polaridad de las moléculas según TRPECV
c) Explique cuál tendrá mayor punto de fusión."
enlace_quimico|2020|Septiembre|B3|"Indique justificadamente si las siguientes proposiciones son verdaderas o falsas:
a) El HI tiene menor punto de ebullición que el HF
b) El PCI; presenta geometría plana triangular según TRPEV.
€) El NaCI presenta un punto de fusión menor que el NaBr."
enlace_quimico|2021|Julio|Ejercicio B3|"Justifique la veracidad o falsedad de las siguientes proposiciones:
a) Los enlaces por puentes de hidrógeno se forman siempre que la molécula tiene un átomo de
hidrógeno.
b) Los puntos de ebullición de los siguientes compuestos, H,O, H,S y CH,, siguen la siguiente
secuencia de valores: CH, > H,S > H,O.
c) La temperatura de fusión del dicloro (CI,) es mayor que la del cloruro de sodio (NaChl)."
enlace_quimico|2021|Junio|Ejercicio B3|"Sean las moléculas BF,, PH, y CH,
a) Razone en cuál de ellas el átomo central presenta algún par de electrones sin compartir.
b) Justifique la geometría que presentan las moléculas BF, y PH, según la TRPECV.
c) Indique la hibridación que presenta el átomo central en CH,."
enlace_quimico|2021|Reserva 1|Ejercicio B3|"Los datos experimentales muestran que la molécula PF, es polar y presenta una geometría de
pirámide trigonal.
a) Justifique la geometría observada aplicando la teoría de repulsión de pares de electrones de
la capa de valencia (TRPECV).
b) Justifique razonadamente la polaridad observada.
c) ¿Qué diferencias en geometría y polaridad encontraríamos con la molécula BF, ?. Razone la
resºuesta."
enlace_quimico|2021|Reserva 2|Ejercicio B3|"a) ¿Qué es la energía reticular?. Indique de qué factores depende.
b) Realice un esquema del ciclo de Born-Haber para el NaCl .
c) Calcule la energía reticular del NaCI a partir de los siguientes datos:
Entalpía de sublimación del Na(s) = 109 kJ/mol
Entalpía de disociación del Cl, (g) = 242 kJ/mol
Entalpía de ionización del Na(g) = 496 kJ/mol
Afinidad electrónica del Cl(g) = —348 kJ / mol
Entalpía de formación del NaCl(s) = —411 kJ / mol"
enlace_quimico|2021|Reserva 3|Ejercicio B3|"a) ¿ Por qué a 25* C y 1 atm, el H,O es líquida y el H,S no?.
b) Justifique qué sustancia será más soluble en agua, el yoduro de sodio (Nal) o el diyodo (I ,).
C) ¿ Por qué a 25* C y 1 atmel F, y el Cl, son gases, el Br, es líquido y el I, es sólido."
enlace_quimico|2021|Reserva 4|Ejercicio B3|"Escoja en cada apartado la sustancia que tenga mayor punto de ebullición. Justifique en cada
caso la elección, basándose en los tipos de fuerzas intermoleculares:
a) HF o HCI
b) Br, o H,
c) CH, o CH,CH,"
enlace_quimico|2021|Julio|Ejercicio B3|"Justifique la veracidad o falsedad de las siguientes proposiciones:
a) Los enlaces por puentes de hidrógeno se forman siempre que la molécula tiene un átomo de
hidrógeno.
b) Los puntos de ebullición de los siguientes compuestos, H,O, H,S y CH,, siguen la siguiente
secuencia de valores: CH, > H,S > H,O.
c) La temperatura de fusión del dicloro (CI,) es mayor que la del cloruro de sodio (NaChl)."
enlace_quimico|2021|Junio|Ejercicio B3|"Sean las moléculas BF,, PH, y CH,
a) Razone en cuál de ellas el átomo central presenta algún par de electrones sin compartir.
b) Justifique la geometría que presentan las moléculas BF, y PH, según la TRPECV.
c) Indique la hibridación que presenta el átomo central en CH,."
enlace_quimico|2021|Reserva 1|Ejercicio B3|"Los datos experimentales muestran que la molécula PF, es polar y presenta una geometría de
pirámide trigonal.
a) Justifique la geometría observada aplicando la teoría de repulsión de pares de electrones de
la capa de valencia (TRPECV).
b) Justifique razonadamente la polaridad observada.
c) ¿Qué diferencias en geometría y polaridad encontraríamos con la molécula BF, ?. Razone la
resºuesta."
enlace_quimico|2021|Reserva 2|Ejercicio B3|"a) ¿Qué es la energía reticular?. Indique de qué factores depende.
b) Realice un esquema del ciclo de Born-Haber para el NaCl .
c) Calcule la energía reticular del NaCI a partir de los siguientes datos:
Entalpía de sublimación del Na(s) = 109 kJ/mol
Entalpía de disociación del Cl, (g) = 242 kJ/mol
Entalpía de ionización del Na(g) = 496 kJ/mol
Afinidad electrónica del Cl(g) = —348 kJ / mol
Entalpía de formación del NaCl(s) = —411 kJ / mol"
enlace_quimico|2021|Reserva 3|Ejercicio B3|"a) ¿ Por qué a 25* C y 1 atm, el H,O es líquida y el H,S no?.
b) Justifique qué sustancia será más soluble en agua, el yoduro de sodio (Nal) o el diyodo (I ,).
C) ¿ Por qué a 25* C y 1 atmel F, y el Cl, son gases, el Br, es líquido y el I, es sólido."
enlace_quimico|2021|Reserva 4|Ejercicio B3|"Escoja en cada apartado la sustancia que tenga mayor punto de ebullición. Justifique en cada
caso la elección, basándose en los tipos de fuerzas intermoleculares:
a) HF o HCI
b) Br, o H,
c) CH, o CH,CH,"
enlace_quimico|2022|Julio|Ejercicio B3|"Dadas las especies químicas H,S y PCI;:
a) Represente las estructuras de Lewis de cada molécula.
b) Justifique la geometría de cada molécula según la TRPECV.
) Indique la hibridación que presenta el átomo central en cada molécula."
enlace_quimico|2022|Junio|Ejercicio B3|"Dados los siguientes compuestos: NaF, CH ,y CH,OH
a) Justifique el tipo de enlace interatómico que presentan.
b) Ordénelos razonadamente de menor a mayor punto de ebullición.
e) Justifique la solubilidad de estos compuestos en agua."
enlace_quimico|2022|Reserva 1|Ejercicio B3|"Justifique:
a) ¿Qué compuesto tendrá mayor dureza, LiBr o KBr?.
b) ¿Qué tipo de fuerzas hay que vencer para vaporizar agua?.
c) ¿Por qué la longitud del enlace C—C va disminuyendo en la serie etano-eteno-etino?."
enlace_quimico|2022|Reserva 2|Ejercicio B3|"Conteste razonadamente:
a) ¿Presenta enlaces múltiples la molécula de N,?.
b) Según TRPECV, ¿toda molécula triatómica es lineal?.
c) ¿Por qué el punto de fusión del MgO es mayor que el del K,0?."
enlace_quimico|2022|Reserva 3|Ejercicio B3|"a) El compuesto formado al enlazarse los elementos A(Z=11) y B(Z=58) es un sólido
conductor de la electricidad cuando está fundido.
b) El punto de fusión del NaCI es menor que el del MgCI,.
c) Los siguientes compuestos están ordenado por puntos de fusión decreciente NaF > F, > HF."
enlace_quimico|2022|Reserva 4|Ejercicio B3|"Dadas las moléculas BeF, y CH;C1:
a) Determine las correspondientes estructuras de Lewis.
b) Prediga la geometría que presentan según TRPECV.
e) Justifique la polaridad de las moléculas."
enlace_quimico|2022|Julio|Ejercicio B3|"Dadas las especies químicas H,S y PCI;:
a) Represente las estructuras de Lewis de cada molécula.
b) Justifique la geometría de cada molécula según la TRPECV.
) Indique la hibridación que presenta el átomo central en cada molécula."
enlace_quimico|2022|Junio|Ejercicio B3|"Dados los siguientes compuestos: NaF, CH ,y CH,OH
a) Justifique el tipo de enlace interatómico que presentan.
b) Ordénelos razonadamente de menor a mayor punto de ebullición.
e) Justifique la solubilidad de estos compuestos en agua."
enlace_quimico|2022|Reserva 1|Ejercicio B3|"Justifique:
a) ¿Qué compuesto tendrá mayor dureza, LiBr o KBr?.
b) ¿Qué tipo de fuerzas hay que vencer para vaporizar agua?.
c) ¿Por qué la longitud del enlace C—C va disminuyendo en la serie etano-eteno-etino?."
enlace_quimico|2022|Reserva 2|Ejercicio B3|"Conteste razonadamente:
a) ¿Presenta enlaces múltiples la molécula de N,?.
b) Según TRPECV, ¿toda molécula triatómica es lineal?.
c) ¿Por qué el punto de fusión del MgO es mayor que el del K,0?."
enlace_quimico|2022|Reserva 3|Ejercicio B3|"a) El compuesto formado al enlazarse los elementos A(Z=11) y B(Z=58) es un sólido
conductor de la electricidad cuando está fundido.
b) El punto de fusión del NaCI es menor que el del MgCI,.
c) Los siguientes compuestos están ordenado por puntos de fusión decreciente NaF > F, > HF."
enlace_quimico|2022|Reserva 4|Ejercicio B3|"Dadas las moléculas BeF, y CH;C1:
a) Determine las correspondientes estructuras de Lewis.
b) Prediga la geometría que presentan según TRPECV.
e) Justifique la polaridad de las moléculas."
enlace_quimico|2023|Julio|Ejercicio B3|"Responda a las siguientes cuestiones de manera razonada:
a) Dados los compuestos CaF, y CO ,, identifique el tipo de enlace que predomina en cada uno
de ellos.
b) Ordene los compuestos CaF,, CO, y H,O de menor a mayor punto de ebullición.
c) Los compuestos NaF, KF y LiF ¿cuál tiene mayor energía reticular?."
enlace_quimico|2023|Junio|Ejercicio B3|"Para las moléculas OF, y BF,:
a) Justifique la geometría molecular que presentan según la TRPECV.
b) Indique la hibridación del átomo central de cada molécula.
€) Razone si son polares o apolares."
enlace_quimico|2023|Reserva 1|Ejercicio B3|"Conteste justificando la respuesta:
a) ¿Qué compuesto tendrá mayor dureza: LiBr o CsI?
b) ¿Qué compuesto tendrá mayor temperatura de ebullición: HI o HF?
ce) ¿Qué compuesto tendrá mayor punto de fusión: NaBr o Nal?"
enlace_quimico|2023|Reserva 2|Ejercicio B3|"Los átomos A, B, C y D corresponden a elementos del segundo periodo y tienen 2, 3, 5 y 7
electrones de valencia, respectivamente. Responda razonadamente a las siguientes cuestiones:
a) ¿Qué formula tendrá el compuesto formado por A y D?.
b) El compuesto formado por C y D ¿presentará enlace iónico o covalente?.
c) ¿Qué elemento tiene la energía de ionización más alta?."
enlace_quimico|2023|Reserva 3|Ejercicio B3|"Justifique si las siguientes afirmaciones son verdaderas o falsas:
a) En una molécula apolar todos los enlaces son apolares.
b) Una molécula tetraédrica es siempre apolar.
c) Las moléculas de BeCl, y H,S presentan el mismo ángulo de enlace."
enlace_quimico|2023|Reserva 4|Ejercicio B3|"Justifique si las siguientes sustancias son conductoras de la electricidad:
a) El agua pura en estado líquido.
b) El cloruro de potasio en estado sólido.
ce) El cloruro de sodio en disolución acuosa."
enlace_quimico|2023|Julio|Ejercicio B3|"Responda a las siguientes cuestiones de manera razonada:
a) Dados los compuestos CaF, y CO ,, identifique el tipo de enlace que predomina en cada uno
de ellos.
b) Ordene los compuestos CaF,, CO, y H,O de menor a mayor punto de ebullición.
c) Los compuestos NaF, KF y LiF ¿cuál tiene mayor energía reticular?."
enlace_quimico|2023|Junio|Ejercicio B3|"Para las moléculas OF, y BF,:
a) Justifique la geometría molecular que presentan según la TRPECV.
b) Indique la hibridación del átomo central de cada molécula.
€) Razone si son polares o apolares."
enlace_quimico|2023|Reserva 1|Ejercicio B3|"Conteste justificando la respuesta:
a) ¿Qué compuesto tendrá mayor dureza: LiBr o CsI?
b) ¿Qué compuesto tendrá mayor temperatura de ebullición: HI o HF?
ce) ¿Qué compuesto tendrá mayor punto de fusión: NaBr o Nal?"
enlace_quimico|2023|Reserva 2|Ejercicio B3|"Los átomos A, B, C y D corresponden a elementos del segundo periodo y tienen 2, 3, 5 y 7
electrones de valencia, respectivamente. Responda razonadamente a las siguientes cuestiones:
a) ¿Qué formula tendrá el compuesto formado por A y D?.
b) El compuesto formado por C y D ¿presentará enlace iónico o covalente?.
c) ¿Qué elemento tiene la energía de ionización más alta?."
enlace_quimico|2023|Reserva 3|Ejercicio B3|"Justifique si las siguientes afirmaciones son verdaderas o falsas:
a) En una molécula apolar todos los enlaces son apolares.
b) Una molécula tetraédrica es siempre apolar.
c) Las moléculas de BeCl, y H,S presentan el mismo ángulo de enlace."
enlace_quimico|2023|Reserva 4|Ejercicio B3|"Justifique si las siguientes sustancias son conductoras de la electricidad:
a) El agua pura en estado líquido.
b) El cloruro de potasio en estado sólido.
ce) El cloruro de sodio en disolución acuosa."
enlace_quimico|2024|Julio|Ejercicio B3|"Dadas las siguientes moléculas NCI, y BCI,:
a) Explique por qué el NCI; presenta carácter polar y, sin embargo, el BCl , es apolar.
b) Justifique la solubilidad en agua de ambas sustancias.
c) Indique la hibridación del átomo central en cada una de las moléculas."
enlace_quimico|2024|Junio|Ejercicio B3|"Dados tres elementos cuyas configuraciones electrónicas son: A(1s”*2s”?2p”);
B(1s* 2s? 2p* 3s') y C(1s? 2s” 2p* 3s” 3p*)
a) Explique si es posible que existan las moléculas B, y C,.
b) Justifique el tipo de enlace que se dará entre los elementos B y C.
€) Razone si el compuesto formado por A y C será polar."
enlace_quimico|2024|Reserva 1|Ejercicio B3|"Justifique si las siguientes afirmaciones son verdaderas o falsas:
a) Si una molécula es apolar no puede contener enlaces polares.
b) En un sólido metálico los cationes y aniones ocupan posiciones fijas dentro de la red
metálica.
c) La molécula de BCI ; tiene geometría plana triangular."
enlace_quimico|2024|Reserva 2|Ejercicio B3|"Dadas las moléculas BF, y PF,:
a) Represente las estructuras de Lewis de cada una de ellas.
b) Razone la geometría molecular de cada una de las sustancias a partir de la teoría RPECV.
e) Justifique su polaridad."
enlace_quimico|2024|Reserva 3|Ejercicio B3|"Para las moléculas CH ¿Cl y CH,
a) Indique el tipo de hibridación que presenta el átomo de carbono.
b) Justifique la polaridad de los enlaces y de la molécula.
€) Razone su solubilidad en agua."
enlace_quimico|2024|Reserva 4|Ejercicio B3|"Para las sustancias KCI y Cl,, justifique:
a) El tipo de enlace presente en cada una.
b) Cuál tendrá menor punto de fusión.
c) Cuál tendrá mayor solubilidad en agua."
enlace_quimico|2024|Julio|Ejercicio B3|"Dadas las siguientes moléculas NCI, y BCI,:
a) Explique por qué el NCI; presenta carácter polar y, sin embargo, el BCl , es apolar.
b) Justifique la solubilidad en agua de ambas sustancias.
c) Indique la hibridación del átomo central en cada una de las moléculas."
enlace_quimico|2024|Junio|Ejercicio B3|"Dados tres elementos cuyas configuraciones electrónicas son: A(1s”*2s”?2p”);
B(1s* 2s? 2p* 3s') y C(1s? 2s” 2p* 3s” 3p*)
a) Explique si es posible que existan las moléculas B, y C,.
b) Justifique el tipo de enlace que se dará entre los elementos B y C.
€) Razone si el compuesto formado por A y C será polar."
enlace_quimico|2024|Reserva 1|Ejercicio B3|"Justifique si las siguientes afirmaciones son verdaderas o falsas:
a) Si una molécula es apolar no puede contener enlaces polares.
b) En un sólido metálico los cationes y aniones ocupan posiciones fijas dentro de la red
metálica.
c) La molécula de BCI ; tiene geometría plana triangular."
enlace_quimico|2024|Reserva 2|Ejercicio B3|"Dadas las moléculas BF, y PF,:
a) Represente las estructuras de Lewis de cada una de ellas.
b) Razone la geometría molecular de cada una de las sustancias a partir de la teoría RPECV.
e) Justifique su polaridad."
enlace_quimico|2024|Reserva 3|Ejercicio B3|"Para las moléculas CH ¿Cl y CH,
a) Indique el tipo de hibridación que presenta el átomo de carbono.
b) Justifique la polaridad de los enlaces y de la molécula.
€) Razone su solubilidad en agua."
enlace_quimico|2024|Reserva 4|Ejercicio B3|"Para las sustancias KCI y Cl,, justifique:
a) El tipo de enlace presente en cada una.
b) Cuál tendrá menor punto de fusión.
c) Cuál tendrá mayor solubilidad en agua."
enlace_quimico|2025|Junio|Ejercicio 1B|"a) Dadas las moléculas H,S y PF,, razone en cuál o cuáles de ellas el átomo central presenta
algún par de electrones sin compartir.
b) Justifique la geometría que presenta la molécula de PF,.
c) Indique la hibridación del átomo central del H,S.
d) ¿Por qué la molécula de BF, es apolar?."
enlace_quimico|2025|Reserva 1|Ejercicio 1B|"Identifique el tipo de enlace de las sustancias y explique las siguientes afirmaciones:
a) El cloruro de sodio (NaCIl) es soluble en agua.
b) El hierro es conductor de la electricidad.
c) El metano (CH,) tiene bajo punto de fusión.
d) El tetracloruro de carbono (CCI,) es insoluble en agua."
enlace_quimico|2025|Reserva 2|Ejercicio 1B|"Razone las siguientes afirmaciones:
a) A 25 “C y 1 atm el agua es un líquido y el sulfuro de hidrógeno es un gas.
b) El NH ; tiene un punto de ebullición más alto que el CH ,.
e) A 25 C y 1 atm, el diflúor y el dicloro son gases, el dibromo es líquido y el diyodo es sólido.
d) El KCI tiene un punto de fusión mayor que el Cl ,."
enlace_quimico|2025|Junio|Ejercicio 1B|"a) Dadas las moléculas H,S y PF,, razone en cuál o cuáles de ellas el átomo central presenta
algún par de electrones sin compartir.
b) Justifique la geometría que presenta la molécula de PF,.
c) Indique la hibridación del átomo central del H,S.
d) ¿Por qué la molécula de BF, es apolar?."
enlace_quimico|2025|Reserva 1|Ejercicio 1B|"Identifique el tipo de enlace de las sustancias y explique las siguientes afirmaciones:
a) El cloruro de sodio (NaCIl) es soluble en agua.
b) El hierro es conductor de la electricidad.
c) El metano (CH,) tiene bajo punto de fusión.
d) El tetracloruro de carbono (CCI,) es insoluble en agua."
enlace_quimico|2025|Reserva 2|Ejercicio 1B|"Razone las siguientes afirmaciones:
a) A 25 “C y 1 atm el agua es un líquido y el sulfuro de hidrógeno es un gas.
b) El NH ; tiene un punto de ebullición más alto que el CH ,.
e) A 25 C y 1 atm, el diflúor y el dicloro son gases, el dibromo es líquido y el diyodo es sólido.
d) El KCI tiene un punto de fusión mayor que el Cl ,."
